mat,fis,esp,lec
987.2938132,979.82387,1018.481276,1023.073783
986.3022222,1001.704575,982.5460532,984.4263046
971.01541,972.4963855,1035.605273,1031.472877
1031.318324,1015.896592,1005.115753,1002.394719
1002.335095,1031.289476,1011.179274,1018.275839
981.1877111,1014.776965,961.6071845,967.405267
976.6649888,953.4577865,997.7285713,989.8521225
992.8711862,1001.978773,997.5272251,986.6471415
1006.48878,990.270549,965.4020367,960.5689644
996.7516188,984.6561603,1021.973041,989.8598884
1041.198042,1060.598564,983.8455351,991.8728653
944.4008441,928.0758602,1012.706436,1022.9638
1010.17501,1021.304,954.1440983,958.1819963
1004.206626,1016.353555,1027.745568,1011.652133
1000.068579,994.5432005,1062.293713,1072.483835
1025.007785,1012.276495,965.6094166,965.0988445
1024.053336,1012.399128,1006.640537,1002.63739
1050.86981,1064.696728,1042.07753,1022.095416
985.0346838,975.9440338,929.2102342,956.717673
991.4285267,995.71597,1054.418158,1055.16762
1023.745108,1014.863637,981.2184849,979.8141925
993.1952479,970.4211006,936.385857,965.1937497
1026.268448,1047.124725,1016.263602,1017.163025
955.0009622,944.7060702,1019.474767,1023.562797
1014.418785,1015.796294,995.0699961,978.5619853
1015.401075,1010.949279,1003.839557,983.3749828
1004.543719,988.431365,1018.778443,1031.975772
1017.408837,1034.15117,993.2213419,987.4285515
983.2404541,1029.758662,1008.778252,1020.208406
969.3392672,1000.178504,927.3174386,959.8587716
1009.585449,1035.240965,990.413458,970.834832
1000.89275,982.9572673,993.9155359,1019.898417
990.5782947,994.5406678,1009.605697,1014.767704
1032.993568,1029.637737,957.4252892,971.3223157
1055.204681,1035.116583,991.8577789,971.3890916
983.3229371,951.7334011,984.840995,975.4684414
949.8811631,978.9322766,978.6687164,975.3412332
1004.661742,1001.895484,1031.556234,1033.525861
980.705704,957.4442182,953.3168422,976.9565598
1007.638893,1018.398332,1080.64826,1060.180759
1005.491448,1011.177335,1028.530542,1039.779433
1031.708275,1001.79245,1013.508393,1000.360281
1023.415528,1021.345776,997.0179544,1001.5521
1025.763536,1020.187667,1024.213897,1026.029294
963.6084573,1014.681462,1011.841323,995.0640374
1056.12206,1069.829176,1009.812616,1006.748488
1046.365854,1026.154593,1026.510261,1024.472179
1048.297409,1037.021974,941.6281085,977.6044506
1009.584765,1009.086247,1001.795795,981.8476676
964.979532,996.2996829,996.2494929,1019.48742
1013.75062,1008.046153,987.4139508,961.5811685
936.9396617,897.6734669,1068.295925,1066.787109
1053.990507,1050.394861,978.2622719,1002.206814
944.8985228,970.866968,1014.362063,975.0184472
904.854975,907.1854277,974.5470895,960.2259984
1004.323984,991.8262578,1042.88975,1043.900009
1040.441417,1042.132286,981.2481223,981.0165109
1029.140865,1044.746391,1024.455668,1000.865192
986.1798472,1039.088929,1041.946654,996.5585912
1003.499675,995.4585045,977.976973,979.8854971
1062.029597,1063.825867,1002.314437,1021.381385
1033.254831,1019.91923,976.687968,977.6427648
1031.815354,1015.428531,948.5652099,969.6135336
1014.499427,985.7819554,978.2895343,970.8697831
983.1816945,990.2951407,973.8941133,984.3666246
1062.405017,1032.270288,985.9171409,1009.307567
1000.720147,997.9106509,991.8521161,981.8943737
972.3909259,989.7215596,945.5401477,954.8455156
965.0554719,964.6487066,992.3533648,989.73495
1010.86957,1016.66892,1010.458113,1000.320713
984.3605418,1019.059279,971.2490449,966.3051223
985.6071482,981.1913964,1001.204431,996.3262923
1026.189709,995.8496852,1020.991764,1026.453344
984.8813926,975.4003901,943.2585955,943.1000901
1014.787891,1017.323191,1060.553289,1022.822409
985.1765646,991.0066163,987.0264438,988.7651418
991.1425454,997.361747,1002.67293,1007.534873
1005.189721,1022.563635,930.3354486,943.1642445
1009.558186,1007.63418,957.8693802,969.295201
1006.53407,1038.32965,1015.799727,1017.48204
965.0040451,971.0664269,1044.26916,1024.48385
1027.50841,1022.328247,991.4513863,1004.970862
1016.269299,991.8672023,959.9880857,995.06489
991.5578368,1002.057756,982.0287718,980.1108866
1029.598477,1020.608054,979.1883172,994.2117183
1025.070031,1012.912389,1025.1226,1004.266673
1016.636054,1015.270949,987.8947552,979.631693
979.5068503,973.0446019,946.3064003,940.2160837
1029.168614,1048.238839,995.2636969,962.259909
1044.639617,1023.40803,985.2411113,975.5705107
974.1191751,944.3385449,965.3616228,958.5527669
1013.655982,988.8904133,975.8457622,973.6296426
967.5089118,962.3587737,986.5478814,1006.820406
992.6931362,1007.241058,1007.775081,984.8805776
950.9896059,946.2242573,1008.672325,1018.486519
1051.910649,1020.37078,1054.39588,1073.700597
1029.351023,1044.168231,1026.917357,1024.633212
974.8237943,977.4881915,1018.128258,1001.997435
969.6865201,985.1013714,986.1967243,1009.505413
983.1725365,1010.361751,1024.164364,1034.757176
1060.046744,1025.849502,1000.161654,995.9098966
1010.887414,1063.048036,1023.271707,1036.412582
1019.23205,1031.147517,994.8139641,1009.340925
1028.070667,1045.455694,980.0053146,958.0019452
946.8186348,1001.17983,1025.189497,1015.934742
997.7601858,1009.35086,991.7331401,1013.689631
1020.710926,1010.482926,1026.494541,984.79357
988.0910004,1001.534882,992.3743519,1009.742236
1024.110476,1007.054093,957.5706465,977.7954578
994.1286339,1040.796105,994.1303274,987.6466534
1024.637698,996.4545197,1013.818631,997.1738333
1037.405485,1017.878798,1001.173078,1000.333026
1015.208166,1003.169576,1022.653797,1010.520519
985.1790766,940.5926707,969.3425977,962.3687369
1011.012331,1014.513433,990.9733403,984.3649236
1012.343524,1005.284325,1040.882423,1042.016226
1008.597052,994.4663069,1013.558064,994.3271335
987.4606167,995.6512281,1000.687478,998.643851
1004.155709,1034.114413,1064.729749,1068.603378
1031.568209,1023.606556,974.878382,998.3315611
1020.787214,1044.581454,1026.15478,1019.559591
1005.013476,1007.839416,1007.015021,1026.81231
1005.849563,1006.488615,1022.974894,1009.61383
977.7439931,961.0471843,994.1108167,992.9802501
1011.195553,986.9288887,1011.852206,1003.108888
955.8370463,956.4322841,988.2153235,977.0332927
965.1612643,971.5348428,992.2103517,993.6645802
1060.023021,1054.585501,1002.865209,995.2300029
1029.989254,1022.411109,1008.512419,1022.370857
1008.775354,1013.246337,1009.876297,1009.760921
1037.803865,987.0196763,1014.389031,1036.620166
1004.950037,970.8561527,989.545132,1002.465558
983.1116843,976.3591958,963.3644684,963.7353187
998.4033866,981.8088631,993.40949,1017.826836
985.3787467,1016.60418,974.5486534,964.8206538
974.7687563,960.8394973,1028.348708,1021.499981
996.9322623,982.4027117,1032.84197,1007.65191
970.029015,960.2755224,1000.675924,986.7175538
970.6735535,977.4383437,984.4749534,1020.905193
932.8658217,938.7018968,946.8185114,946.7142552
1007.042946,1022.328096,923.1618125,899.613045
1040.788438,1009.196842,995.0434661,969.432022
1025.00838,1019.917651,982.6085046,984.6210534
967.7194038,926.7923822,990.5103218,1037.714542
1004.380105,985.2596172,1009.599413,1020.838041
997.3087182,1030.937364,981.9257506,959.9521733
971.6409944,993.6248476,997.871343,1012.241557
956.3798407,944.0601709,1016.665053,976.2871381
1022.982241,1033.096528,981.1516423,993.7069225
1052.457037,1036.640382,1007.110651,976.7647775
957.8987502,994.5214226,1010.084864,992.1672018
986.6630498,992.5703436,1026.186277,990.1082109
989.1067144,998.9719508,1022.396061,1026.328491
990.6558341,992.7817479,984.0814827,990.4184447
958.2769954,956.661586,1021.795293,1029.456646
1016.43819,1005.492044,954.2447159,976.7328413
1009.780919,1003.926368,1029.030942,1036.887801
994.6257212,1002.759577,1022.045893,1027.779565
984.2239377,998.5021832,951.0907573,972.0747319
1005.507592,1004.866762,980.7319251,1002.328813
985.0767598,1018.417848,1021.567772,1026.794904
1034.806065,1022.034254,930.8397531,942.3330729
923.6161123,948.029344,962.4079409,971.0714639
1038.180389,1024.695097,1018.11279,1002.721087
994.4074765,1004.889552,1005.188349,994.9230521
1010.099964,1044.187151,993.6448663,985.6844417
1003.254047,997.2930756,960.0657034,971.2481151
987.8819853,983.6231447,951.4326963,962.2728743
988.4531542,1031.411012,988.3772088,1012.616223
959.4284219,962.2519286,1008.050345,1012.123683
972.9807168,993.2848742,999.2321172,981.6053733
1031.582547,1039.94096,1004.430604,1016.321612
1023.725071,1046.832937,977.6833994,951.7693477
968.9665047,986.914687,982.1161544,973.0452697
1000.017534,1014.741572,976.5204184,964.0427243
986.5711072,983.0816233,1011.833252,982.6997835
1037.525441,1020.21205,1017.36168,998.6018784
1000.527734,1024.519858,1019.034687,1011.893012
969.2506138,976.1128596,997.0344186,1020.16753
993.9770342,1015.249542,1012.889163,998.0382923
969.4163635,1017.517297,959.0759556,969.1020099
980.7222948,1013.813406,984.3878398,993.7513447
982.6423482,1008.637284,1056.537398,1037.225247
994.1047313,1027.138763,1051.329091,1045.443087
999.4444591,1012.865298,954.4686611,969.2277949
1039.65017,1019.828882,1015.813502,1039.082295
964.6817948,985.9354489,987.8995359,984.8240846
1023.48249,1021.42714,1077.616699,1057.138248
981.4507796,956.3622665,980.9980336,969.787364
1007.846323,1005.820518,981.0941857,995.4383232
1005.274448,960.4507631,976.3272898,983.8237631
1011.836487,1016.252425,1029.765122,1024.436252
1020.856841,1052.044053,993.7540436,981.5706617
1034.927107,1059.226852,979.4675082,981.4625325
982.889376,970.320607,1029.167039,1011.089336
1036.571605,1024.374105,1006.488995,1009.683841
1004.923456,1024.731192,994.6877021,970.1215434
1013.51457,1000.038337,1034.628099,1056.252025
987.1279684,951.7719833,986.743186,998.483017
1023.608705,1006.468567,1013.928312,990.2355552
1001.130281,1014.85304,984.1327011,999.473843
1035.831973,1033.689745,1002.610577,1026.390396
1008.954413,999.3442911,1018.162466,999.6795372
958.629162,969.1751638,1011.593116,1018.296667
935.9650227,939.3120072,1003.79157,992.918987
1019.035853,990.4662895,966.4964066,967.9285732
1021.766592,1038.233592,950.2354538,967.358782
985.2990275,980.319476,1016.892905,1021.728194
962.0063937,969.9274762,1004.003291,1009.644503
1016.415126,1011.833943,1057.994639,1062.869082
959.5341335,967.9931061,1087.918605,1102.617783
981.5708809,1001.719952,1002.093676,1009.127404
987.1484062,972.667222,932.3974422,956.9710759
966.6291339,981.5796005,1049.039943,1022.248362
971.2231051,1003.236976,1029.176224,1024.550671
998.0206877,989.4100666,1027.844932,1017.048362
963.3580446,954.2850786,988.6681858,998.0275612
1045.693999,1037.465733,993.9283398,1003.318324
942.7904627,934.9805235,1001.90942,979.6632617
1011.520658,981.7374803,998.0969336,989.8690446
1048.432425,1062.971366,999.22493,987.8822247
961.8398023,942.4521237,968.5812744,979.5202968
1016.441311,1019.858237,997.5820377,1018.192039
1002.311086,1014.012396,989.866799,972.4591691
927.9559224,944.199097,1015.319116,984.3520308
981.4763333,944.3592373,1020.408342,1026.107434
1002.526729,1002.2795,1000.61786,991.830798
1030.278185,1022.067134,1009.885202,1039.283108
1061.947988,1029.547556,1037.385235,1040.064428
1023.032126,1026.58289,985.864652,986.9281345
967.7323978,1006.557655,1021.713223,1009.711579
990.0792351,987.7079483,1016.022396,1004.448313
987.1305417,1002.990339,1035.760473,1001.073116
1009.705234,1036.531639,1069.827037,1000.822821
1039.409842,1036.941771,1037.435643,1053.852668
1003.651354,1018.043916,955.1023278,962.9514681
982.2338512,1006.968429,1047.003599,1043.927749
980.7599064,1016.226099,969.4217908,984.8667574
976.2352259,1004.089502,1008.669294,1001.110192
988.4996926,972.3056895,1008.753199,992.9613449
948.6011036,980.5564945,939.7784501,940.7069683
980.3252818,985.7128727,1011.458337,1031.821297
978.1029422,984.5736176,1018.584513,1026.462188
983.6557829,953.1137401,1020.526877,1008.135746
972.6741384,981.7236596,1015.302779,1017.152357
1013.073715,1011.539631,1030.364044,1052.841598
1040.754098,1030.596397,972.1626951,984.1054445
1008.833963,990.9502603,1018.176648,1030.230942
977.9322169,955.8585341,973.4675187,987.8303473
988.4091522,942.1418304,983.9595104,981.3489832
982.1510307,979.1930972,986.3424057,962.7535083
1025.786978,1023.534648,973.6061647,978.6244447
1011.051074,995.8192794,1011.822417,1002.569606
1041.408929,1027.760963,1061.358451,1036.773386
1018.635863,992.4884466,973.9852192,966.3529049
982.1928573,976.9427185,1014.770539,1025.203531
990.0786001,980.1440069,931.8803208,964.8532734
1003.25332,1025.789295,1034.069227,1029.091672
1020.158186,1005.617892,1032.262868,1035.896611
1038.831721,1034.191833,981.7249577,996.2208655
953.3936343,969.8569348,993.3908072,984.6996934
1009.82074,970.9453834,1019.121547,985.8963866
1046.027279,1033.315647,999.0357969,978.3548411
1011.82065,981.2422818,1000.154186,991.0497811
1021.668907,1032.997774,1037.54466,1008.682418
986.0631752,974.4950987,973.5951277,972.3641381
993.4532897,937.1037636,969.7701556,965.4402058
997.8637895,989.2064117,1004.323362,1000.492864
963.7392297,980.4104592,969.1649815,972.1754143
1001.266046,1008.932455,974.2091107,981.2672081
1007.09945,1011.13533,1034.060143,1035.470519
1015.582547,1017.291961,1015.889126,1011.165374
995.7817963,1008.857004,1044.164891,1025.775206
999.249799,991.8986105,956.583125,970.0450935
1026.086445,1032.164807,988.0852608,992.4354198
983.2395729,994.8920268,1079.267633,1076.867646
965.237053,971.6696149,999.8894404,1016.750904
1001.899746,1017.129169,1008.859201,1018.228445
1018.138148,1061.984736,1024.22334,1003.284488
964.6602801,963.7449489,966.641521,954.2535072
1025.008335,1026.694019,1018.543363,1026.148779
989.0374757,1022.244065,951.3809933,978.7309637
1057.200869,1049.106673,1064.056384,1064.979485
1000.47414,1030.010891,1046.387477,1031.65287
1007.028934,1022.082767,978.3074993,993.3514849
984.6638502,927.3200679,961.2452071,970.361523
1042.882029,1061.799074,1020.437707,1034.058061
991.7463183,1007.39845,1000.136725,982.0590905
930.9885809,962.9173199,1052.983063,1005.695609
1010.331739,1014.783416,1018.849117,1014.282271
1015.069915,1035.143778,968.1391317,980.800213
1010.185759,1019.277251,971.0088866,971.4043746
1022.933472,1020.842378,1030.59352,1064.547473
1006.689025,991.3589797,975.6842082,1003.224187
985.7571058,990.4878374,947.3194786,986.9929505
1014.216152,1026.180819,956.9340383,994.3500565
1027.578945,1001.973837,1011.40319,987.6538789
1012.68017,1010.319855,1035.976769,1018.887661
1009.997582,1009.77246,980.996277,976.0335361
1019.021076,1009.57028,1017.206098,1027.579051
1010.054979,1020.082031,986.36328,1003.715488
961.6313089,964.028462,990.5252364,1000.983925
997.0056317,1021.611794,1020.058456,1018.85729
1012.492788,1016.118066,1030.060055,1042.703923
979.988873,980.242753,990.5278419,997.8144084
1009.340268,1023.796992,994.6174106,964.7396865
1007.309951,994.1322072,1022.04978,992.5175993
1032.630684,1032.130045,1059.76407,1037.3076
1002.567381,960.1768055,1075.594862,1048.982871
1021.492717,1026.686191,1002.340397,997.6792438
1030.68927,981.104263,1008.630326,1016.974687
994.0954272,1020.38543,991.953713,1011.132841
961.166103,984.8695842,988.43761,998.2024867
954.2192575,970.0657547,986.7814639,989.369251
1028.590697,1021.805801,1029.495693,993.7568194
976.7217652,963.2100157,1026.731709,1069.023608
1039.791454,1026.362568,974.9829311,975.5454752
995.4834366,997.160765,1053.133032,1028.165603
1043.58619,1034.042448,964.9389821,961.9049626
1050.09543,1055.250441,1008.442662,1024.363458
958.7997968,968.0322164,1046.486751,1013.868765
1029.995667,1018.800628,965.6850923,965.6481095
991.1572164,987.8531488,982.9570406,994.4201978
987.467019,983.0118475,958.2906446,966.2988799
1002.45959,1007.026686,991.2114768,1018.866005
1037.678586,1028.30637,1026.334197,1027.838083
1034.8515,988.3338236,1039.485224,1019.494084
999.7294142,988.0859118,987.6231274,988.943083
996.4787116,995.4932697,995.4259582,1010.0513
997.4857385,988.4085172,940.8299779,952.8873788
969.378277,967.9336602,1007.005752,1024.669485
983.9524326,983.8135406,997.5121915,974.8108769
989.9561565,1019.946731,1064.196252,1040.466221
1028.236004,1043.851315,1051.919432,1054.094744
992.6352195,966.990061,1019.496464,1015.701469
1003.360364,996.0749801,995.5925384,1026.999201
974.5214405,987.7985424,931.9899702,962.3357841
993.2800422,1012.470222,1043.370038,1048.956171
987.5080566,995.6693738,1005.485444,1001.795969
928.893525,929.9193058,1000.626708,993.8127162
1040.162851,1007.613598,1019.388656,1029.213689
1045.152601,1046.808727,980.8732082,969.3147743
1031.701853,1032.253212,984.9123913,975.1219369
1043.226397,1016.718381,984.9548248,992.9767701
967.02213,969.4412849,999.2997361,980.0309219
1055.594686,1051.47494,1020.820759,1006.683151
1035.384659,993.8008658,981.2122496,992.9008506
953.0657539,970.7090507,948.6596753,959.7734252
996.0770954,991.8434535,1001.886484,1009.856946
1021.696745,1023.693431,1016.857563,1023.883067
984.5458346,966.8994713,1003.554264,1021.180991
1003.406686,976.3103516,969.6477137,989.1789377
956.3092583,952.3988506,993.2857712,990.6208352
988.9040595,977.1940278,986.885278,968.2297014
1062.215793,1035.335988,1008.041137,1022.742943
998.9991058,999.7750635,1011.653259,1023.187509
1024.450315,995.1931622,1013.865335,1002.38352
1045.317075,1052.385452,1009.593939,1004.598753
1009.413438,977.0663654,979.7767951,1012.431462
982.109751,940.2818702,1002.205782,1010.044622
1058.346283,1036.888599,981.7295106,1010.292136
1044.623866,1036.677654,1008.972627,1014.19472
976.5972166,1014.779231,1009.107133,979.3465753
1012.090195,1016.833587,1042.539221,1008.511935
975.4878244,974.5925646,948.0769718,947.8427384
1033.362441,1015.612745,1048.531807,1039.911615
976.4517437,1009.086019,999.4134145,1028.889826
981.1581253,995.6598597,1010.81876,1007.549785
979.8273236,977.1221154,988.8934671,991.3533
982.9225955,927.8644614,993.1202629,999.3950601
990.8515768,1009.836997,1001.285836,1012.607411
1010.896425,1012.009325,963.1897728,974.1901164
994.4256423,1022.06227,980.0221499,967.3540408
1019.680925,996.3880098,997.5001034,1014.989333
1024.091014,972.4234209,946.7508042,953.2446987
986.7190649,1010.732726,1050.943924,1039.880239
1024.833627,1033.217792,1020.112767,993.6257902
988.2710773,968.3406357,1005.395997,1006.163498
1042.099929,1022.520693,973.1407677,947.8508884
1038.537507,1028.844452,1040.308228,1035.959855
1013.013019,992.2389517,997.2898886,987.4477697
1025.997593,1026.667379,1010.106939,1004.511172
971.2491035,998.7592872,1006.015534,1007.056989
945.8567421,981.9740616,1038.267007,1040.463991
1002.267214,1014.150743,1007.855831,999.4953483
973.1332524,978.1520257,962.2295645,966.9075774
988.5772415,1001.317441,1027.974967,1016.897146
978.4943777,951.8339498,1022.023132,1026.379332
1033.729932,1006.249573,973.8906381,973.4687781
1047.958164,1047.126028,1053.057784,1037.683175
1030.315075,983.5774728,983.6395106,988.6200741
1051.277509,1046.145576,984.2963826,981.130761
986.75025,1004.988488,1043.670138,1056.467169
1046.881607,1032.040468,1038.646318,1038.254916
986.405452,953.6738637,1025.946021,1036.630313
994.2485042,982.5004494,985.6970452,1010.086505
970.0668304,954.4533639,1005.545983,1011.37039
978.2874265,1031.331474,1024.271953,1021.018432
1016.845716,1028.531925,984.8459636,959.6980744
921.5998601,960.8008889,1007.59862,994.0203042
1028.913196,1028.570818,977.7602372,991.6422341
1004.024345,994.2490986,1027.175873,1033.099998
1035.551035,1002.234524,983.6808986,983.3512607
1000.662184,1010.652879,1023.265598,1016.340556
1010.422191,1038.796836,1021.256186,1011.186426
984.3771476,1014.684255,996.6416101,985.4641461
979.9502496,1002.052041,978.8940393,962.9464129
962.3247472,974.5198871,997.7487842,983.8057053
983.5330607,987.9685613,1006.490274,1032.666858
982.5593643,985.9451515,1036.282897,1033.001172
999.6032409,1005.557532,1024.688198,1034.596359
1033.521665,1045.410421,1017.113323,1032.236584
1020.724283,1008.181412,990.4116657,983.6077154
988.4465759,980.2802759,966.7826321,967.7083847
963.466636,959.5328583,999.745386,988.4643433
1040.59594,1025.542779,1017.553198,1025.662492
1013.710885,1027.159373,1050.751884,1038.458991
958.0422381,1005.880686,913.753655,894.9061033
981.9242548,1017.01288,1003.182572,977.0737035
978.2765614,961.491913,967.5053293,992.8522416
972.3852765,983.1118789,1007.149839,999.4863029
984.4251227,992.8710147,986.3757417,975.5629018
1009.191457,995.9135052,968.0628727,983.6241299
952.0930924,971.5023776,1010.892567,1003.17655
1023.99051,1030.958049,966.461982,965.5548894
1023.640331,1023.096264,987.3276075,1003.277672
1016.592667,1015.55465,986.0824374,982.4588722
1009.576729,1006.47709,1034.524559,1005.976865
1065.956055,1082.12752,1037.85675,1034.725151
944.0523064,941.762381,955.6967766,971.3385255
953.3027748,984.2156695,1000.672017,998.2425443
979.8611367,966.5494032,982.5704605,964.0927552
1027.954145,1025.559824,1004.083178,986.3955624
1023.244486,1007.143833,970.6391068,980.8622029
1007.801035,1022.340955,988.5351442,981.4832896
966.2410787,991.1862889,1002.360786,1004.291751
1023.510123,1002.362361,1038.792687,1041.726795
980.9231855,974.2276191,964.6156825,962.7281427
979.0970983,973.5498497,1008.145086,1041.844392
1002.626123,983.8352592,1026.981933,1067.885411
940.4098097,936.1148626,978.199665,999.2595715
951.5771265,966.9095112,980.1997119,971.7761428
1035.603301,1037.043225,1003.792591,1009.109683
1023.819206,1042.418134,1015.315945,1016.842972
997.2995405,973.8602656,977.585338,983.8015543
1019.542318,1027.819446,975.0548825,966.1254703
999.0218351,991.38942,980.9116402,988.6914743
1033.636085,1017.893055,958.0728772,982.1654664
969.9340412,983.4416808,965.2926962,981.653122
949.8278941,965.4831694,978.7539555,1002.284264
986.9130822,1010.687756,928.5595694,955.175309
996.5981591,996.1516566,975.1964512,979.8129228
1057.015872,990.3264006,1010.806286,1027.58165
985.5524626,993.2068168,999.2318472,977.4612147
1000.119348,1000.511231,989.9518663,1013.653262
1004.425458,983.7549942,972.5879108,1001.649634
995.7498087,1004.964953,971.8089791,979.0007172
1005.314227,993.2145649,1011.213171,991.3772244
1008.101109,1004.762864,980.0210857,973.9474997
960.7250835,981.8420912,1008.292928,986.8648943
1022.201998,1037.375482,981.5760227,969.3825368
1000.547912,1023.473949,1014.949659,1011.106182
995.1325827,1017.91532,989.785065,985.5947498
978.4713473,991.1423598,991.8913352,957.5800814
1001.373896,996.931003,950.1288066,959.3223353
991.16706,1002.243526,1032.168191,1002.28658
945.338197,977.4386931,992.1321994,978.596739
960.7070936,999.7224078,1028.668503,1042.138344
1003.708731,974.5294713,942.7164093,955.3906776
1014.7077,1012.178166,997.987964,1004.743766
1000.635708,993.6547677,1036.965369,1062.805369
997.8128432,994.6609257,1009.183357,974.3865343
996.2069824,991.5001966,998.6650013,990.0334059
998.7324767,997.7449858,1020.533048,1044.201671
1036.266631,1024.078891,987.6577764,1002.967946
958.8712221,986.201921,1041.814554,1028.27723
1026.973513,1027.524558,1005.129238,982.1514009
1023.469502,1048.099284,976.9548395,1006.453998
992.6410625,959.5626616,995.0817231,969.7739338
1027.843082,1005.21419,951.343824,954.0670104
1033.597945,1011.218211,1005.930668,999.6987085
979.6116241,972.5614831,1006.261247,981.0052025
984.4229803,993.9796559,976.1800069,949.2935914
965.2241915,961.7927571,999.4554592,1038.821714
980.0375013,963.6919526,971.4356281,970.0351099
972.3725314,968.0540945,976.8203343,960.2708647
974.208491,969.7432645,1024.132649,1037.379357
961.0975046,987.0129686,996.6951978,983.6194303
949.8908842,966.0326357,991.0183312,991.6724291
969.3226639,935.2367805,991.6763804,983.4148635
982.0741986,1016.491844,970.9824768,1004.048184
987.1448888,997.560984,1038.031834,1029.658082
1059.925653,1082.08252,1020.611997,1026.828128
1015.85167,1037.553568,977.3277217,969.350089
976.384821,991.5853694,960.3222141,996.2297423
1001.998462,1013.622969,961.021129,976.0181386
991.0021991,984.4334724,1051.394002,1008.033577
957.3106148,968.0263942,1038.799523,1019.133185
1027.836539,1033.673735,978.6545166,985.7224182
1004.707569,990.3769991,1016.245809,1041.051771
989.4550515,974.1847485,1007.040259,990.6382783
983.8199251,962.8343825,1031.458744,1039.218129
1005.713218,1007.616866,959.5347277,948.7429368
1064.374434,1039.258652,999.4897329,1016.661028
1045.48203,1019.26929,940.3502309,957.9395139
956.9497747,1006.708088,988.8068987,983.5774452
990.1125647,981.1069732,971.4773935,992.9165378
1041.995264,987.442584,1038.303259,1090.590218
1005.529673,1003.244063,1017.393027,1014.98985
975.0444279,978.2073173,1029.38448,1012.48255
1053.179706,1024.678407,1038.204444,1016.083045
1026.802944,1020.723568,1006.061242,1040.800668
1012.261116,1042.461703,973.2450082,949.7753818
1052.515111,962.4846479,994.5742473,1036.364959
1026.378165,1021.592152,1046.369711,1028.383276
1039.891122,1028.202549,1033.943773,1026.052275
1015.830448,1035.374319,1026.424635,1018.705293
920.4087848,927.6028432,991.6265673,989.6263403
1049.232481,1035.054181,1014.1855,1024.504665
1020.696047,1022.72022,1076.638805,1082.153212
1033.924908,1015.801764,1031.217394,1045.869178
1029.396359,1038.750399,954.0396859,978.0965539
996.9992164,1015.788422,1057.401176,1009.095935
1000.741993,1056.744703,1035.758445,1019.126662
1029.384708,1015.454575,982.3801104,994.2333725
983.8643698,975.5658873,961.9297277,978.5603271
1001.026507,968.1780641,1039.505966,1040.257129
1020.215378,996.0666697,1016.42028,1009.273906
1038.024691,1017.830041,1006.217265,1021.473358
905.4530998,901.791226,978.9953692,985.4676065
991.204131,1018.522955,955.4545123,962.6158664
1010.821199,982.8117833,968.9178711,987.6452868
1002.817734,992.9729324,983.7208771,995.1372256
984.1620005,1017.683329,1017.623716,1018.09646
1040.826962,1009.184447,955.6688457,946.4084514
1011.698874,1049.546865,974.3816016,963.166032
966.2711067,1009.887888,967.3401329,962.0467345
993.2625806,985.0108192,1004.762406,1013.668596
1019.958841,983.6551969,997.2366513,1008.093119
1002.112475,994.6556266,1013.073356,1009.878683
965.2406219,960.8439827,1004.349852,996.2802514
1019.784813,1033.179401,972.2010197,986.9116026
958.0668174,987.810934,1028.145699,1002.791475
998.477882,989.6753846,966.5922753,969.6302074
992.8594847,988.8929329,990.0431816,990.4196342
974.4071052,937.4630368,972.8091762,969.8443467
1001.315441,995.8889233,1012.167715,1012.695237
972.3524747,986.8439318,994.94486,1019.974071
1005.262083,1001.349664,1015.606637,1011.332327
985.8951741,1015.445495,994.2172827,996.5914786
1044.586923,1027.939199,1034.611626,1027.286062
1005.945621,1030.567272,1044.61861,1029.605375
997.4453079,1000.541786,1009.233495,1015.739019
1014.848374,994.7406412,1062.933019,1047.002277
1010.653965,1008.04368,1059.608281,1044.063718
989.5058363,976.2013768,1049.221872,1030.334279
1068.251261,1051.662056,1014.592211,1008.406727
1012.490343,1057.611512,996.7705906,999.0198448
999.7178558,1039.513401,1026.224624,990.9206991
999.9338779,1028.077718,1013.010768,992.1640282
990.1521795,1023.373612,1022.032992,1026.108105
993.4839802,970.0600321,1037.496497,1051.707829
1009.821515,1020.349607,980.3971738,1000.199399
969.9037844,962.4649169,960.4240339,974.5991932
1009.00484,1002.81748,1001.743504,964.6877584
1017.767702,983.1240784,1015.862646,970.5044528
996.2262601,1026.970676,995.6913636,1003.536205
950.7381676,940.6123989,1017.906181,1006.710473
1034.108765,1016.142325,1034.091636,1014.944294
949.1992694,911.0235594,944.6130034,951.7794426
994.0862594,995.3857849,984.6732558,996.2938521
1001.69663,967.1310299,944.4540073,954.3270075
1012.591346,1026.326148,1009.37916,1011.114874
982.5657647,1004.743181,1030.65765,990.8508294
1028.258562,1039.623383,1016.188279,1004.629472
1008.468514,1013.105621,971.8983783,977.3702068
1059.11451,1051.508572,975.3428996,986.2419905
1018.122949,1026.814069,973.2753168,986.2216593
955.787102,963.8657877,1030.088657,993.3319689
999.8791711,1002.171847,1025.837472,987.4624413
995.9287207,991.2443941,1000.564826,1023.779001
1086.221147,1059.120431,1023.986295,1026.946832
1005.252848,1034.104857,1015.537623,1036.328361
1018.378338,1043.446323,1009.670336,1019.194741
1049.226829,1059.761153,977.2400627,951.0689589
1006.96037,1008.959493,1047.544469,1049.002179
988.0888537,983.8420481,1004.737269,1010.370605
975.5217017,1017.894187,1020.771655,1003.170891
982.5615238,992.9362476,1020.073319,1021.39864
1028.49062,1015.485894,1005.64152,1018.652945
959.29114,960.2220049,996.6781324,994.0061046
1012.170275,1006.765493,996.2702336,1027.954295
1031.027612,1048.423256,996.3636581,1004.972769
1000.406411,1016.356562,1055.049889,1054.116842
951.6336475,986.800205,1003.725241,990.515721
1006.678198,990.4182502,965.9798686,958.9500749
1046.953565,1022.046607,1056.642564,1054.710517
1017.061239,994.131731,983.6626302,992.0784411
976.4882127,979.9620609,1028.463478,1033.908005
1017.802192,1033.536924,985.2567082,983.510514
1018.948246,1010.618273,978.9003287,1001.658482
1029.11623,1036.676588,1021.909536,1001.374525
1031.738186,996.3329805,1022.762964,995.7861312
1009.326668,997.1259856,959.5129429,984.972972
1023.873323,1029.871835,986.3028908,997.3248055
1040.145894,993.514645,1055.341078,1059.131651
1012.193471,999.4965029,987.95245,988.2112382
1022.707513,1032.666389,992.6236269,1005.758291
1005.356114,965.8380151,1024.168659,1032.401508
1013.065111,1004.415913,1005.843626,970.0679743
980.3151628,995.2005066,1059.770149,1026.772258
1001.046586,1000.632015,946.7349485,977.5293599
1030.728928,979.5290821,1031.484688,1044.442131
1064.595645,1045.13823,1049.28369,1061.072882
965.9093173,970.8561582,986.8116231,986.8900005
1023.966022,1036.514545,949.0105046,971.2155022
962.0157315,973.1851299,1045.597109,1015.244535
1001.155275,1001.122123,1018.124786,1040.484303
997.8106187,981.0471901,934.0789597,954.8553127
975.3061229,963.1474352,991.1836787,1009.083848
1039.278835,1024.686273,965.1539799,998.7107134
1026.172769,990.3274164,1006.713357,994.9196123
997.3368253,1007.498854,977.504998,972.6843531
951.9374811,954.3596225,1006.392888,984.5245009
993.7387621,954.0181146,981.1045256,1005.076118
991.8723288,1028.908123,1010.087849,1005.384463
1013.092441,998.3466301,1018.363912,1014.694021
971.7854146,998.1515458,994.400556,986.7828979
1061.293853,1065.649052,993.9023818,968.5046344
998.3102966,958.0743168,975.1356498,989.2699003
983.5167197,986.3157558,996.610479,994.4551
992.0415232,990.2218834,1028.107017,1030.636471
1015.183472,1053.01918,1014.947814,1015.288984
985.968997,1025.746585,1010.46247,988.6071
1007.8721,1037.343522,1010.614008,992.3896367
1011.03617,991.9874027,1046.530518,1030.756574
988.9761677,995.785435,1006.263931,959.7433977
1001.890891,1023.840924,959.9540514,947.7055381
983.9130139,1000.519087,995.3367624,1022.16588
969.1229194,965.755315,985.9958128,979.3136594
980.9400713,931.1472209,1037.623771,1047.762467
965.2401096,986.5822663,989.8399248,1009.88407
1046.170588,1030.129801,1026.422826,1027.989854
1057.443553,1073.417229,1008.913426,1011.806021
1004.559282,1004.927543,1050.829536,1055.003095
996.1380201,1008.274284,1018.448321,1010.971106
976.2057002,992.192379,1008.758383,997.6478503
959.9899324,992.8604724,1008.211257,988.0857851
1031.52981,983.6631442,975.7403094,972.4751184
961.2887346,982.6686118,1015.808423,1003.017891
988.6466117,1011.752687,991.3815944,984.432107
982.6040499,1010.593488,965.4186099,928.6326992
968.8750249,991.0283597,990.9752583,979.2929308
978.9375224,1032.001766,1020.649908,1041.88486
964.9115652,981.7464723,988.8225118,992.2030691
1049.349483,1029.101618,1059.78193,1052.906933
1070.000677,1090.312388,972.1839466,990.3721112
1004.951303,1009.362562,1040.858526,1031.842678
1017.363098,995.7580568,938.2910686,973.9026794
1013.259191,986.2240574,957.8765529,970.6434279
992.1130467,994.916299,988.0685225,973.8487578
1017.670741,999.7065599,964.4831803,963.8118209
974.2449101,983.0139791,916.9145978,926.0195447
975.4173491,981.3392375,1032.416627,1027.66327
934.623561,965.7001815,974.7592276,975.8945163
1006.057456,989.8993785,979.5832283,995.088915
1015.478991,998.0670584,1054.88651,1051.358154
984.6744848,1000.226679,987.5767964,973.3870587
984.1153726,960.580571,977.8827095,973.6687825
989.6235426,990.3265566,965.9558646,963.1919653
977.6402396,976.8077885,950.5768656,948.8520847
985.3182593,982.4359868,958.1357233,965.0344116
969.6309693,971.188969,1015.027381,992.0079333
952.7635405,950.3859593,1021.820324,1012.484563
999.8194085,974.8673164,1040.410417,1017.583962
998.0293149,989.9933545,1019.045229,1036.092834
1010.164595,1024.519298,953.6589061,952.9879207
987.0330804,928.9366944,991.3106158,1018.755298
1066.03378,1052.266388,985.5857763,981.0977866
994.5959255,978.8839607,1000.309123,1001.268387
962.0100969,956.5916107,983.2932004,1010.837997
1052.017882,1065.325869,1038.46857,1017.941832
1001.102437,982.8243192,1040.203488,1052.100314
973.3048918,984.0554846,987.1139669,1013.778887
1019.948506,1014.057652,981.679772,969.3617503
1032.328763,1025.037183,1048.903741,1026.326597
1013.166175,962.3438878,980.0603927,1009.002613
999.3840246,992.9795339,1017.919238,1035.442605
973.9388486,995.6864477,1016.330511,985.5966177
1012.22673,988.3103157,999.6458782,1005.829058
970.6505493,969.7121944,986.4725403,950.1182823
1003.656059,1006.702699,1007.83673,999.5933024
942.6001851,947.7533831,1006.302563,990.8637448
951.6682034,948.9595188,1025.980447,1009.680296
987.0197431,993.6636257,979.2008591,985.1801753
1033.09384,1044.408955,981.9966461,993.1957708
1006.579963,1004.019038,958.4408334,949.5319886
1008.124129,997.589932,974.3816019,993.3936289
1006.438033,954.0726168,978.147194,990.7557274
1008.161836,1016.595716,1024.662199,1018.690789
985.73238,981.6021247,982.4906552,939.9854375
1033.357978,1016.319314,1080.053955,1052.769858
964.417885,961.6068877,1007.208136,1006.702795
969.8917682,967.8427632,1026.283814,1016.211999
988.0686858,958.2327087,957.7790144,949.3704389
971.2889429,1005.777914,996.1604211,1024.639978
1015.962997,1009.407717,1019.812786,1035.924463
993.1295864,1028.024172,974.14019,974.2169891
1010.939159,1042.91476,969.5992301,954.9683432
997.9936461,959.655491,986.3278918,987.0598022
1007.257587,1029.5317,1011.35977,1052.359704
1028.039933,966.4283543,1032.394673,1023.286338
1037.462837,1027.169993,970.6999079,1005.118536
1017.701208,995.3447398,1031.053766,1023.648307
972.1813607,993.4370122,1015.078863,1023.056229
972.5032125,1008.702297,1026.97176,1006.137744
972.1917131,966.5402475,964.729308,970.0152961
991.8583435,996.7837533,1034.556481,991.9456434
1043.473088,1042.826729,1002.187394,983.4250473
1044.770779,1042.24854,1036.329269,1052.332898
998.6485354,1007.724524,1000.356307,1024.620373
995.2810818,961.2039467,986.0108951,1010.949295
981.7895406,969.9875934,1028.6018,1022.841889
998.0985476,1013.264415,1009.015375,981.5655421
1036.201236,1019.342471,1034.243908,996.6874226
991.8520351,1005.987841,960.224165,949.104843
1021.018458,1002.556069,993.343565,1011.472121
980.5878735,997.6088205,989.0389957,981.9526721
1003.491374,999.8924377,971.5299103,951.3231362
979.0560696,1001.291197,992.906526,993.0117347
1023.42857,1023.430078,1020.438205,1016.698003
976.5806856,971.9335061,957.840425,971.9777642
1029.464032,1032.242977,986.6800226,978.5309329
931.6864835,971.325831,1033.703698,1040.649891
1042.1185,1029.140872,987.8818842,1007.58699
960.7951425,966.6491536,999.4684849,1017.654311
1004.54098,1022.67048,1051.920273,1014.526663
1036.305665,1030.687385,1026.220497,1012.041223
1007.067267,1013.185803,1002.566201,982.3534225
977.2695915,986.287346,981.5338646,992.0096426
1022.355554,1056.516741,1052.582641,1007.299949
941.1202032,980.5530345,977.1800212,968.0418886
930.9153692,945.6617074,1000.343768,997.6735833
1012.618008,974.2356215,1035.462256,1045.725008
1036.760753,1031.66479,992.8956904,987.3364885
1014.136432,1034.10695,1017.93225,1028.061417
1037.066142,1006.181285,1005.951637,984.642138
961.1828266,965.1569336,972.8004818,957.552048
1013.369053,1014.059382,944.0701631,938.2048693
987.2775099,972.7574622,984.5628106,995.1904808
980.811053,939.9149519,985.3931339,1002.962842
1002.999138,1010.638898,1025.033941,1016.110012
962.7846582,959.3480189,1033.566496,1017.613973
971.0466606,976.2784186,948.2927635,979.1118473
988.2401872,991.654433,1037.016687,1031.836619
1022.936141,994.6890529,1003.535074,1018.615223
998.6537945,976.0446881,1039.9444,995.6042194
1062.49352,1020.550196,980.3277582,982.4699708
991.6136239,978.1656272,1022.947802,1011.162405
977.5018156,979.4693407,941.3381084,932.3010403
989.3430665,1011.933766,959.3742768,957.4024234
1041.201234,1054.54188,994.042295,995.4920373
986.1316542,992.7426789,1050.128104,1011.933751
1012.877534,993.8813425,1011.156227,1019.46351
1006.905518,998.7360451,1044.578678,1049.81664
1034.175418,1011.206249,1017.532909,1022.385634
897.999191,926.5479723,970.5737286,950.0227462
960.6247509,988.8232105,963.8164374,951.7201636
1007.601878,989.4800516,915.2975564,958.9084394
1050.538507,1029.793512,1026.663366,1015.945746
962.2599464,972.4779032,954.3613629,940.2508737
1054.012075,1043.866178,1041.62849,1035.479475
975.7121073,947.1793159,985.3399206,998.2708624
1041.169686,1019.794437,974.5492698,963.1536048
991.759096,1039.138918,1010.976013,998.1931111
1007.803928,1001.058661,983.0774642,996.9506101
996.8304666,975.6515989,979.6876191,974.5809919
992.5591109,1001.981423,1012.755759,1018.422512
1040.34605,1047.410486,1056.777197,1041.045426
976.6561833,999.1646679,1033.35594,1021.765822
983.3691836,1008.247035,969.3861788,996.4275026
997.5996857,1021.066605,1011.652981,1014.768263
975.1008353,983.7922943,1013.264475,1030.743382
1032.104652,1039.050843,1010.990361,1024.141299
1014.62022,992.9690562,990.3277349,1020.102687
1012.724785,1002.422077,993.9821596,983.0101963
1006.733051,990.7899552,999.9818819,1039.711803
1053.602788,1001.207513,1027.865291,1029.346401
984.6973945,1016.229689,962.3392114,962.8479665
982.5571686,982.1124,978.9573467,982.7132199
1068.803042,1066.365291,977.776513,1010.546415
1014.795063,1013.339294,1002.529386,1060.13576
966.5954321,950.7422113,1002.13411,991.9782485
1020.448569,1023.709426,1003.010848,1004.00474
1062.032494,1057.216123,1020.028137,1040.692175
1025.02881,1014.157274,926.7407932,964.8582177
1052.843545,1049.351122,1006.41859,1012.96286
1010.561743,1005.966843,952.5268971,981.285631
1022.216602,1013.736003,998.8279056,1011.23049
1004.623402,1049.017138,1040.316305,1055.989115
1012.976482,988.986339,970.4592241,956.0906569
1037.670147,1009.231428,981.3580861,1004.383427
1047.723587,1012.877129,1015.384531,1015.785871
1043.030431,1032.819746,1025.260463,1040.385268
996.168438,1021.298842,989.8661956,994.7228624
1044.675336,1037.352251,1002.421002,1040.793874
978.64145,998.1315376,974.4040935,933.3076777
1028.412553,1050.39533,999.7720882,993.1716936
1027.503043,1005.315651,983.7438546,970.1383348
1004.64739,972.6442292,1005.797456,1000.516997
988.7118542,984.2425522,962.9702567,964.9790898
1055.298116,1011.510072,1005.435486,998.9184306
936.9941696,966.9641235,1012.442813,993.929569
1016.925233,1022.027059,986.5478523,1004.661832
992.294919,962.0343349,996.7072911,978.40771
1022.479485,984.7236551,1059.55796,1067.910329
1009.351043,1029.029824,978.2424401,976.4543865
988.8887361,1003.691069,1028.652544,1027.000146
1014.937496,987.1376219,1015.306445,1034.814139
1015.501438,983.9327187,982.1446451,996.499776
995.5770436,1026.904206,999.1201836,999.6284843
980.6702834,984.5702838,978.753104,989.2155029
1002.494635,987.8681685,1010.903853,1020.959796
1022.631779,1006.191523,972.0064006,962.3854036
1003.595195,1003.838707,993.1345895,1001.964804
935.2052023,930.591725,967.9979955,961.7250251
981.0190101,998.6489731,1002.266225,987.3740889
1018.216296,1041.492337,971.9288612,981.0170287
1015.399716,1039.013851,999.9499446,988.9084273
993.2787154,989.2204009,985.7337481,980.6792974
1068.993728,1023.930263,987.337707,973.0646476
1045.211144,1040.183703,1011.360684,1011.625013
977.7823322,969.1546802,980.3025854,989.4024245
939.3338278,995.9045993,1017.105635,1001.010712
962.1997982,974.198774,1018.306968,1006.618179
1001.44753,1041.052228,981.3120177,960.7652354
1011.867702,1010.906592,1002.31024,982.727167
1026.505693,972.1083515,980.1745577,1002.470661
1036.095164,1037.011553,1059.527536,1046.585373
1016.177901,1054.270558,1037.532518,1044.704993
1034.236397,1019.514276,1043.795316,1028.993473
1017.045133,1019.83615,996.0542782,1021.820712
965.8492919,956.7075197,1010.510836,997.0230409
993.7512217,993.7762427,1021.843857,1050.45319
1008.179037,1037.232885,985.2527937,989.7539306
1009.208672,964.8093864,976.329111,998.5558547
966.4098251,952.7580435,965.6904536,964.9389455
956.7104434,971.8991935,1034.011725,1007.014206
1016.361767,1021.032572,980.1121579,980.0864959
1007.139169,1003.312702,1037.631695,1044.948799
1032.00648,1015.360915,961.988627,933.3138103
1006.701145,992.9131675,994.2764738,1002.059388
1026.52559,1027.035331,1049.07489,1011.571949
950.9397068,976.7290571,1010.674866,1008.218988
1008.520333,1016.351729,1006.01057,1003.215029
1017.370793,1019.085825,997.4954697,1008.252528
1022.473053,1016.145482,991.3061768,990.516004
1009.724032,1010.985492,981.9558309,997.146081
1011.411517,986.6310478,964.8360786,981.2467845
1016.552844,991.8937792,959.509987,1003.566834
942.4805812,946.0889845,1033.203234,1025.658649
980.8404513,971.6139803,1098.051463,1097.784654
964.0487459,958.5684927,999.7688996,1016.718011
1020.533934,1006.327031,981.2711777,998.4297747
992.0053506,989.4870659,980.6822516,983.2107378
972.7920269,1019.080862,956.827082,990.0200725
992.7622442,960.8580996,975.2152904,981.5408556
1009.794522,1035.732048,1015.626942,972.7547448
997.5169628,991.6766948,970.6100909,977.6550687
949.2981884,978.722544,962.857101,951.9790243
1002.228194,984.9130083,980.2801835,998.8597192
931.8988166,945.1377429,963.481149,962.1678281
1042.653494,1012.587099,1013.729647,1026.804156
992.3357279,989.3899537,1011.537894,1027.437026
979.7043506,969.2755548,977.9261166,985.2915721
983.4015564,980.1819527,995.4977493,981.0487393
985.0904701,980.5519306,969.9860124,969.8932541
983.1588835,1007.809401,1022.704245,1006.136205
1013.275747,1002.907234,1002.133862,1035.06035
970.8181194,981.6279469,995.2645157,981.3628194
980.6799427,1000.568829,978.0700394,994.2080663
989.0716675,1022.600558,976.6571235,979.5195723
998.0727529,993.2682919,976.2675449,975.9076452
1008.786769,1020.203586,1084.250173,1029.360317
978.6573485,988.9505522,1001.030713,976.0969449
963.2879838,959.3518669,963.5245537,955.3245054
967.0354925,958.0677945,1033.506977,1029.433184
944.847764,958.0461132,971.3515953,990.7811494
987.751738,950.2126206,1007.567886,1005.553561
937.0887456,938.6461645,1019.13424,1016.061809
978.8072786,991.3852858,1004.611971,995.2447458
982.5013778,998.5772917,974.8498918,977.3324534
986.6549178,985.5635631,987.3417342,972.473747
1017.054827,990.6864509,1035.63483,1021.311865
1021.333456,1036.936397,1004.599869,974.3606036
1024.699711,1050.37458,1023.476422,1037.407052
1007.107219,1019.199118,1021.325882,1014.032487
970.3335718,957.4706861,1009.182729,1008.887217
975.0506272,1008.764618,946.6540339,962.3825925
1012.346576,1013.919355,988.7586674,980.4715072
1077.831351,1079.436447,970.9806224,989.3544618
1019.292592,1008.160046,978.8555412,980.4784049
974.8227979,1016.749291,1005.807764,973.2040208
1019.762695,1006.425762,1005.665809,1017.250479
971.7282715,957.2413027,952.6919273,987.4942557
1013.057802,1005.615202,1011.169791,1029.613403
1023.820371,1027.002228,984.4549932,991.5206978
1006.430683,948.0983566,941.2885706,971.9114773
1012.036767,983.8516263,989.5578439,1019.209868
1000.56712,982.9444695,994.5013272,992.1967245
1025.00468,1012.620149,1005.083604,1022.584885
943.019818,932.9349769,949.2689978,952.3466822
998.7913552,995.0035594,1004.259932,984.1271167
994.3068896,1011.079264,1012.833254,993.8789127
986.0029957,979.0092758,1023.316575,987.83941
984.2529438,990.0113044,1035.08159,1017.363448
1012.50088,1035.169851,949.1044507,973.8056557
990.8742924,995.0343922,996.727763,1000.649205
1025.781853,1021.391221,1009.99011,980.1028051
991.097166,1010.686978,926.9865088,959.0833694
969.1112756,982.4074982,1040.460128,1020.44615
998.9903908,1019.398294,989.2305977,990.8806472
1044.846406,990.0269856,932.2481324,964.3757553
980.1556579,1006.603132,1013.348648,998.2382677
935.8641581,960.6891394,998.7277242,976.8245803
1000.885663,997.8062933,1040.292377,1038.245784
992.937376,971.4471234,997.6724942,993.8121268
1027.098661,1022.433629,987.3822787,984.3093305
993.7541989,971.6708618,965.62062,970.0616471
1037.72526,1025.469003,949.0625998,937.5355387
976.2923458,993.1908651,995.9784501,1012.751016
999.2938828,968.0506757,1002.108451,995.3808776
1003.542949,984.1559804,974.8186849,963.1074412
971.709575,977.5783224,985.3207584,997.9890459
1060.667234,1050.847416,1071.384303,1083.957218
980.8941212,1012.574898,1047.96089,1031.129642
981.1603282,968.8577836,1041.327254,1022.085575
1013.548422,992.9762478,1004.474226,1015.421837
986.8472664,979.5472082,1025.005573,1035.727419
1002.86832,1029.765666,985.5743125,996.3575848
1016.837152,1017.011468,1012.29171,994.9096396
967.2699601,955.424261,1053.058551,1040.942162
1001.888585,1027.743055,998.4636427,991.0973354
985.0714406,995.6041076,997.1966485,963.3350103
1035.02441,1052.017363,983.2665739,982.9931538
1005.383465,996.3017766,1008.771678,990.1559421
1030.598581,1022.952816,960.8384692,990.1405769
962.065282,984.6744021,979.1260856,983.0098538
1016.863155,987.9687141,1022.390446,1025.115663
1066.41556,1062.382199,1003.312991,1018.643524
982.9290359,967.5381235,1022.775401,1028.518057
972.9512294,972.586379,1034.487529,1025.742259
995.0919677,982.8758079,959.3855421,996.094552
1011.338952,997.0756731,1008.93954,1009.789192
990.8137783,968.6879112,1038.91534,1032.082246
992.6535875,983.0168217,1016.097312,1011.332054
984.4811096,1031.36765,986.3261308,961.9271442
993.7340542,1015.008989,962.2930914,974.7957413
1015.101585,1013.006309,967.859136,987.8311323
986.9477697,978.2361778,1041.105012,1022.236342
1024.264541,1056.562105,985.5043518,976.6070412
949.8850917,998.6113996,990.0858513,1012.799504
998.9663422,1011.312165,972.9237127,970.7679063
997.4642542,1014.385103,981.9778702,984.4696942
1021.629002,979.9976227,1044.213758,1043.928412
968.298134,969.4309937,1019.107204,974.5892279
976.8467517,983.4959986,985.9782219,1003.282727
962.0241568,949.908138,993.5753828,1012.620744
1004.19873,1022.745702,1006.964677,1035.51957
994.4767033,1014.926785,957.7056643,955.7226307
956.730664,951.1174144,1027.362249,1047.843971
947.7009752,966.3145656,1010.397994,1007.749246
976.7630573,978.0872955,1010.868504,990.9207006
942.0050652,955.8861807,1010.724652,994.9708807
952.9909214,941.0329944,938.0047264,953.1384272
970.4051491,963.8804565,1021.325239,1013.538402
1000.300663,990.9901229,971.6318441,951.5042115
942.4709237,964.2203977,938.9922054,944.8835006
967.2384677,1000.916189,1019.927724,974.1021458
1006.932794,1013.514172,1012.903603,989.850298
985.384067,1005.072993,1002.432462,1016.583774
1044.014765,1014.428153,1029.973323,1048.70169
1037.764546,1086.864104,984.0149936,982.9215209
993.022829,981.7660983,941.9016121,970.1476387
1003.758054,997.7462626,946.9174751,972.1731228
1012.324302,1010.526881,978.9073642,1009.223231
984.885849,989.1065527,967.0189686,988.6158451
1007.189627,974.7992913,973.9916114,992.3501295
1037.026393,1032.476584,982.4748172,975.7149349
1032.811707,1038.571808,1002.76752,1010.138917
1004.196117,979.6099513,994.3855241,1013.743918
963.3525701,969.125423,989.7035854,1013.473022
995.1695641,992.3169995,985.4830292,983.15963
1004.657328,1007.645524,941.9156445,949.3890494
1019.45483,970.7968068,1015.295436,1017.666676
1001.996088,1016.221323,988.1485043,1005.537437
984.887615,979.3703277,972.1509391,974.0348492
995.4376105,1004.716901,977.77853,984.7239812
997.5011023,985.2886184,984.5076022,986.8608331
1075.123266,1089.14239,985.983638,992.260912